{
  "id": "1667441",
  "name": "1",
  "font_family": "iconfont",
  "css_prefix_text": "icon-",
  "description": "",
  "glyphs": [
    {
      "icon_id": "376345",
      "name": "个人中心",
      "font_class": "user",
      "unicode": "e610",
      "unicode_decimal": 58896
    },
    {
      "icon_id": "554428",
      "name": "地图",
      "font_class": "iconset0395",
      "unicode": "e712",
      "unicode_decimal": 59154
    },
    {
      "icon_id": "4055804",
      "name": "房子",
      "font_class": "fangzi",
      "unicode": "e8ff",
      "unicode_decimal": 59647
    },
    {
      "icon_id": "13898817",
      "name": "方向",
      "font_class": "ziyuan",
      "unicode": "e60a",
      "unicode_decimal": 58890
    },
    {
      "icon_id": "2116269",
      "name": "相机",
      "font_class": "camera_icon",
      "unicode": "e657",
      "unicode_decimal": 58967
    },
    {
      "icon_id": "1002231",
      "name": "地点",
      "font_class": "didian",
      "unicode": "e605",
      "unicode_decimal": 58885
    },
    {
      "icon_id": "287175",
      "name": "搜索",
      "font_class": "sousuo",
      "unicode": "e633",
      "unicode_decimal": 58931
    }
  ]
}
