{
  "id": "1667441",
  "name": "1",
  "font_family": "iconfont",
  "css_prefix_text": "icon-",
  "description": "",
  "glyphs": [
    {
      "icon_id": "1330916",
      "name": "叹号",
      "font_class": "tanhao",
      "unicode": "e61d",
      "unicode_decimal": 58909
    },
    {
      "icon_id": "689319",
      "name": "心",
      "font_class": "xin",
      "unicode": "e82a",
      "unicode_decimal": 59434
    },
    {
      "icon_id": "12683558",
      "name": "电话",
      "font_class": "icon_dianhua",
      "unicode": "e617",
      "unicode_decimal": 58903
    },
    {
      "icon_id": "8289033",
      "name": "星星",
      "font_class": "xingxing",
      "unicode": "e870",
      "unicode_decimal": 59504
    },
    {
      "icon_id": "7148955",
      "name": "右箭头",
      "font_class": "youjiantou",
      "unicode": "e61c",
      "unicode_decimal": 58908
    },
    {
      "icon_id": "579810",
      "name": "分享",
      "font_class": "fenxiang",
      "unicode": "e623",
      "unicode_decimal": 58915
    },
    {
      "icon_id": "2542736",
      "name": "排列",
      "font_class": "pailie",
      "unicode": "e8e6",
      "unicode_decimal": 59622
    },
    {
      "icon_id": "3248658",
      "name": "时间",
      "font_class": "shijian",
      "unicode": "e600",
      "unicode_decimal": 58880
    },
    {
      "icon_id": "4294072",
      "name": "日历",
      "font_class": "rili",
      "unicode": "e785",
      "unicode_decimal": 59269
    },
    {
      "icon_id": "6953123",
      "name": "房子02",
      "font_class": "thin-_home_house",
      "unicode": "e611",
      "unicode_decimal": 58897
    },
    {
      "icon_id": "551841",
      "name": "省略号",
      "font_class": "more",
      "unicode": "e637",
      "unicode_decimal": 58935
    },
    {
      "icon_id": "3550768",
      "name": "左箭头",
      "font_class": "ico_leftarrow",
      "unicode": "e670",
      "unicode_decimal": 58992
    },
    {
      "icon_id": "376345",
      "name": "个人中心",
      "font_class": "user",
      "unicode": "e610",
      "unicode_decimal": 58896
    },
    {
      "icon_id": "554428",
      "name": "地图",
      "font_class": "iconset0395",
      "unicode": "e712",
      "unicode_decimal": 59154
    },
    {
      "icon_id": "4055804",
      "name": "房子",
      "font_class": "fangzi",
      "unicode": "e8ff",
      "unicode_decimal": 59647
    },
    {
      "icon_id": "13898817",
      "name": "方向",
      "font_class": "ziyuan",
      "unicode": "e60a",
      "unicode_decimal": 58890
    },
    {
      "icon_id": "2116269",
      "name": "相机",
      "font_class": "camera_icon",
      "unicode": "e657",
      "unicode_decimal": 58967
    },
    {
      "icon_id": "1002231",
      "name": "地点",
      "font_class": "didian",
      "unicode": "e605",
      "unicode_decimal": 58885
    },
    {
      "icon_id": "287175",
      "name": "搜索",
      "font_class": "sousuo",
      "unicode": "e633",
      "unicode_decimal": 58931
    }
  ]
}
