{
  "id": "1882746",
  "name": "2",
  "font_family": "iconfont",
  "css_prefix_text": "icon-",
  "description": "",
  "glyphs": [
    {
      "icon_id": "7199864",
      "name": "微信",
      "font_class": "weixin",
      "unicode": "e630",
      "unicode_decimal": 58928
    },
    {
      "icon_id": "9306312",
      "name": "支付宝",
      "font_class": "zhifubao",
      "unicode": "e68a",
      "unicode_decimal": 59018
    },
    {
      "icon_id": "14055599",
      "name": "银行卡",
      "font_class": "yinhangka1",
      "unicode": "e61f",
      "unicode_decimal": 58911
    },
    {
      "icon_id": "551841",
      "name": "省略号",
      "font_class": "more",
      "unicode": "e637",
      "unicode_decimal": 58935
    },
    {
      "icon_id": "3550768",
      "name": "左箭头",
      "font_class": "ico_leftarrow",
      "unicode": "e670",
      "unicode_decimal": 58992
    },
    {
      "icon_id": "2542736",
      "name": "排列",
      "font_class": "pailie",
      "unicode": "e8e6",
      "unicode_decimal": 59622
    },
    {
      "icon_id": "3248658",
      "name": "时间",
      "font_class": "shijian",
      "unicode": "e600",
      "unicode_decimal": 58880
    },
    {
      "icon_id": "4294072",
      "name": "日历",
      "font_class": "rili",
      "unicode": "e785",
      "unicode_decimal": 59269
    },
    {
      "icon_id": "6953123",
      "name": "房子02",
      "font_class": "thin-_home_house",
      "unicode": "e611",
      "unicode_decimal": 58897
    }
  ]
}
