{
  "id": "1667441",
  "name": "1",
  "font_family": "iconfont",
  "css_prefix_text": "icon-",
  "description": "",
  "glyphs": [
    {
      "icon_id": "2116269",
      "name": "相机",
      "font_class": "camera_icon",
      "unicode": "e657",
      "unicode_decimal": 58967
    },
    {
      "icon_id": "1002231",
      "name": "地点",
      "font_class": "didian",
      "unicode": "e605",
      "unicode_decimal": 58885
    },
    {
      "icon_id": "287175",
      "name": "搜索",
      "font_class": "sousuo",
      "unicode": "e633",
      "unicode_decimal": 58931
    }
  ]
}
